{
 "2305.02422": 1,
 "2407.16288": 1,
 "2411.11380": 1,
 "2412.10665": 1,
 "2501.07811": 1,
 "2503.12483": 1,
 "2505.00100": 1,
 "2508.09860": 1,
 "2508.12620": 1,
 "2508.15396": 1,
 "2509.08269": 1,
 "2509.13186": 1,
 "2510.07070": 1,
 "2510.24819": 1,
 "2510.25369": 1,
 "2511.08354": 1,
 "2511.20687": 1,
 "2511.23213": 1,
 "2601.14608": 1,
 "2601.20147": 1,
 "2602.13237": 1,
 "2602.19973": 1,
 "2603.03537": 1,
 "2603.08337": 1,
 "2603.16348": 1,
 "2603.26542": 1,
 "2603.29139": 1,
 "2604.06742": 1,
 "2604.23786": 1,
 "2605.02790": 1,
 "2605.07292": 1,
 "2605.17222": 1,
 "2605.22759": 1,
 "2605.31289": 1,
 "2606.04221": 1,
 "2606.07636": 1,
 "2606.11042": 1,
 "2606.13669": 1,
 "2606.15932": 1,
 "2606.16624": 1,
 "2606.22883": 1,
 "2606.24530": 1,
 "2606.26614": 1,
 "2606.27350": 1,
 "2606.30182": 1,
 "2607.03153": 1,
 "2607.08407": 1,
 "2607.09689": 1,
 "2607.10439": 1,
 "2607.15284": 1,
 "2607.15288": 1,
 "2607.15298": 1,
 "2607.15313": 1,
 "2607.15315": 1,
 "2607.15413": 1,
 "2607.15439": 1,
 "2607.15446": 1,
 "2607.15447": 1,
 "2607.15477": 1,
 "2607.15509": 1,
 "2607.15524": 1,
 "2607.15532": 1,
 "2607.15550": 1,
 "2607.15610": 1,
 "2607.15620": 1,
 "2607.15633": 1,
 "2607.15641": 1,
 "2607.15673": 1,
 "2607.15684": 1,
 "2607.15687": 1,
 "2607.15705": 1,
 "2607.15713": 1,
 "2607.15721": 1,
 "2607.15733": 1,
 "2607.15740": 1,
 "2607.15750": 1,
 "2607.15755": 1,
 "2607.15762": 1,
 "2607.15769": 1,
 "2607.15780": 1,
 "2607.15782": 1,
 "2607.15829": 1,
 "2607.15830": 1,
 "2607.15849": 1,
 "2607.15854": 1,
 "2607.15865": 1,
 "2607.15877": 1,
 "2607.15879": 1,
 "2607.15884": 1,
 "2607.15901": 1,
 "2607.15937": 1,
 "2607.15948": 1,
 "2607.15951": 1,
 "2607.15970": 1,
 "2607.15986": 1,
 "2607.16012": 1,
 "2607.16024": 1,
 "2607.16031": 1,
 "2607.16038": 1,
 "2607.16050": 1,
 "2607.16058": 1,
 "2607.16066": 1,
 "2607.16072": 1,
 "2607.16089": 1,
 "2607.16095": 1,
 "2607.16133": 1,
 "2607.16144": 1,
 "2607.16175": 1
}
